FID	IID	PC1	PC2	PC3	PC4	PC5	PC6	PC7	PC8	PC9	PC10	PC11	PC12	PC13	PC14	PC15	PC16	PC17	PC18	PC19	PC20
AFRper0	AFRper0	-0.03171495	0.04394965	-0.001240568	0.1297648	0.05393945	0.06150936	0.03497558	0.1510207	0.09302708	0.06535886	-0.00716604	0.02126786	0.0113623	0.01180818	0.1438368	0.08306064	0.04685106	-0.1221037	0.02215679	0.1003129
AFRper1	AFRper1	-0.0292074	-0.06434993	0.3115102	-0.1082711	-0.03986452	-0.08506702	-0.02547057	0.1684635	-0.1241683	0.003032361	-0.05481625	0.009049643	-0.2011353	-0.07388783	-0.1370679	-0.03960086	-0.0249206	0.06427882	0.0425415	-0.005216389
AFRper2	AFRper2	-0.1612983	0.05494014	0.07886601	0.01217452	-0.2005196	-0.1235491	-0.02265038	-0.04977472	0.04583423	-0.05223315	0.144188	-0.06209986	0.02756701	0.04953328	0.203262	-0.1279092	-0.0450341	-0.1092865	-0.06324813	0.1272132
AFRper3	AFRper3	-0.101692	-0.08288704	0.1069802	0.01806629	0.1153568	-0.009551309	0.1585615	0.09379873	0.09048915	0.001015797	0.0363075	0.1204695	-0.02270129	-0.08567157	-0.05337047	-0.01443009	0.04933976	0.07722422	-0.02033113	-0.02441475
AFRper4	AFRper4	0.07891496	0.1450254	0.02879682	-0.08104622	0.1174709	-0.04493895	0.09277643	-0.0844188	0.02616332	-0.01669402	-0.02771843	-0.1862892	0.08049172	-0.0937595	0.07917181	-0.1118345	0.05071215	-0.03874147	0.04872711	0.1217409
AFRper5	AFRper5	-0.04557541	0.01786502	-0.001767163	-0.09432322	0.0241234	0.006261273	0.04978167	-0.01759197	0.05048114	-0.0497591	-0.06464645	0.1779443	0.03445324	-0.07575377	0.001212178	-0.01452241	-0.1102141	-0.09094907	-0.09577474	0.1003085
AFRper6	AFRper6	-0.1460729	-0.09477152	-0.06037644	-0.03061119	-0.1501343	0.005367471	0.1277641	0.1522981	-0.04421472	-0.1038757	-0.002786378	-0.04160249	0.07256554	0.02546727	0.1501285	-0.01461478	0.03527122	0.05519469	-0.01323222	-0.05998411
AFRper7	AFRper7	0.07918945	0.04663961	-0.02191713	0.003664683	-0.08200384	-0.05994077	0.03701254	-0.04428931	-0.1573517	0.02419382	-0.1957355	0.05226527	-0.06895504	-0.1566499	-0.08926716	0.07195097	0.04009934	-0.04482814	0.02193232	-0.06027705
AFRper8	AFRper8	-0.003400437	-0.04577199	-0.09287107	-0.03692239	0.1058199	-0.03948028	-0.001846583	-0.02872687	0.03055155	-0.1061903	0.09367734	0.02892132	0.08936995	-0.04273999	-0.1220586	0.02475769	-0.06763225	0.02770143	0.08220765	-0.08784775
AFRper9	AFRper9	0.02468144	-0.01544682	0.03565292	0.07436226	-0.1172645	-0.124312	0.09994893	-0.09749526	-0.06672634	-0.07510383	0.06864069	0.07457906	-0.05477802	0.02607097	0.08598349	0.007919034	0.02824231	-0.02114308	0.09924034	0.09141515
AFRper10	AFRper10	-0.1005615	-0.08799486	-0.08279298	0.02350062	-0.01335167	-0.1437875	0.01846848	0.1117214	0.07718623	0.1681919	-0.1815077	-0.03168552	-0.03371401	0.06551122	-0.03726626	0.002426561	-0.06275097	-0.1123974	-0.01831815	0.05616238
AFRper11	AFRper11	0.09804793	0.005402107	0.1990145	0.02690697	0.03863244	0.06976575	-0.03407611	0.118604	0.01560336	0.08907645	0.04106103	0.061828	0.04818924	0.09832788	0.07076789	-0.07635577	-0.09486095	-0.07216454	0.1986283	0.09814975
AFRper12	AFRper12	-0.02990552	-0.01134694	-0.04174764	-0.06408901	0.05967318	-0.08039115	0.1079416	0.007616097	0.2619307	-0.01996592	0.04336957	-0.0163988	-0.02353535	-0.03158493	-0.1068776	0.07804237	-0.277422	-0.04276511	-0.04264276	0.01148403
AFRper13	AFRper13	0.01598716	0.01303275	0.0536042	0.008387881	0.03358149	0.06944644	0.009295548	0.03001514	0.1788205	-0.0868437	0.06352529	-0.05927508	-0.06749985	0.0954202	0.06679971	-0.03676953	0.07128059	0.04802991	-0.04897305	0.004022495
AFRper14	AFRper14	0.04652047	0.035013	-0.04814777	0.1162075	0.04198642	-0.03556252	-0.06587953	0.1965525	-0.04583603	-0.07068963	-0.01990004	0.1257067	-0.04708461	-0.05015432	-0.08445456	-0.08605783	-0.01371712	-0.02038691	0.02278497	0.05269288
AFRper15	AFRper15	0.07724119	0.05323959	0.003484193	-0.1808917	0.006641378	0.1025712	-0.01477287	0.04732021	0.01378773	0.05254098	0.07122693	-0.1203637	0.003666116	0.1251922	-0.01976404	-0.008318617	-0.01188675	0.1434542	0.1066443	0.08494863
AFRper16	AFRper16	-0.1520132	0.07057663	-0.05614214	0.1294361	-0.1130307	-0.1555903	0.006039211	0.003884661	-0.02458654	-0.02091985	0.03070756	0.1439819	0.008437528	-0.1028927	0.06930542	-0.108035	-0.1542529	0.04881474	-0.1390158	-0.08814938
AFRper17	AFRper17	-0.0198342	-0.1794447	-0.03728867	-0.011329	-0.06446508	-0.0371181	0.02216325	-0.0305786	-0.1765967	0.1502235	0.07485554	-0.004180355	-0.1561773	0.02901468	-0.04150539	0.06939601	-0.1382691	-0.03203304	-0.007279051	-0.05694347
AFRper18	AFRper18	0.002194964	0.02150616	-0.03087662	0.04310186	0.04961167	0.008047434	-0.1098598	0.03015257	-0.04263921	0.1194768	0.009456837	-0.1397768	-0.1614874	0.03493748	-0.03210525	0.03811502	0.04454028	-0.08413383	-0.1018832	0.04979166
AFRper19	AFRper19	-0.006478768	0.02102674	0.04701037	0.05555328	-0.0008567979	0.02344371	-0.0039982	-0.01621694	0.04343278	-0.06781205	-0.1950602	0.1245147	-0.04195531	0.1070443	0.1032192	0.02843059	0.04033843	0.123586	-0.0325252	0.06443022
AFRper20	AFRper20	0.02942919	-0.02167357	-0.06647945	0.04618867	-0.01231428	0.1405967	0.2130594	-0.06050762	-0.07274957	0.06924764	0.07449571	0.1436847	0.02097137	-0.1209214	0.05500245	0.05965339	-0.00838771	-0.000213629	-0.06870518	-0.05738098
AFRper21	AFRper21	0.0288311	0.02933756	-0.1251829	0.1529745	-0.05888756	0.06682934	0.001252939	0.1290254	0.01629803	-0.02250754	-0.117509	-0.07653916	-0.08673842	0.1067494	0.004969201	0.009529184	0.007524383	-0.07203061	0.02312694	-0.0371804
AFRper22	AFRper22	-0.07186574	0.03597996	-0.128444	0.02210678	-0.05381361	-0.01105769	0.08769044	-0.07297802	0.004000427	0.1970129	0.1169289	-0.03283062	0.1604212	-0.005668312	0.07041906	-0.01424066	-0.0380521	-0.05032369	0.1049597	-0.06532868
AFRper23	AFRper23	-0.0303023	0.1251563	0.007401976	-0.1380318	0.005372867	0.018065	-0.01287631	-0.08518647	-0.00471801	-0.07041562	0.06031448	0.007940018	-0.09305376	0.09203406	-0.01604695	0.0306552	-0.1229962	-0.1766679	0.0286327	-0.08618909
AFRper24	AFRper24	0.09405145	-0.06072283	0.1270875	-0.02764253	0.0785262	-0.105793	0.01989682	0.1221647	0.01741291	0.08672279	0.06822323	0.1727468	0.253783	0.002825244	-0.07239635	-0.0589249	0.07901531	0.03588262	-0.08321794	-0.07394209
AFRper25	AFRper25	0.0189016	0.04276692	0.05106989	0.09804559	-0.06427256	-0.02034226	0.05076859	0.043745	-0.01058431	-0.002063916	0.02231198	-0.05192887	0.1098594	0.006312704	-0.04916514	0.02541285	0.1123947	0.06487859	-0.03540734	-0.04150111
AFRper26	AFRper26	-0.2060315	-0.06413188	-0.1837736	0.166946	0.03989202	0.06277358	-0.1291875	-0.171417	-0.06587514	0.04148957	-0.1104251	0.04184381	-0.02888939	-0.1747978	-0.02414463	0.01405696	0.01681627	-0.05559881	-0.08902541	0.05082566
AFRper27	AFRper27	0.03421924	0.001445127	-0.008063925	0.007269852	0.09965034	-0.0577885	0.001943163	0.06942055	-0.08528063	0.07627818	0.06093387	-0.1655507	0.06847558	-0.05319221	-0.006635853	0.01969593	0.01793547	0.001901998	0.02096243	0.03682243
AFRper28	AFRper28	0.05243553	0.1144975	0.1272533	-0.05603992	-0.01730362	-0.1186861	0.0337654	0.02885386	-0.01744746	0.005185625	-0.03181945	0.0831825	-0.001610313	0.06482025	-0.02113789	0.215804	-0.07947035	0.09528745	-0.02776469	-0.06262921
AFRper29	AFRper29	0.04304888	-0.1478165	0.03316113	0.004171431	-0.09305293	0.1991724	0.0002810139	-0.04246296	0.04868285	-0.0161469	0.04123851	-0.06434165	-0.09024576	-0.07819917	-0.05688998	-0.07443061	0.04410413	-0.03403413	0.01963381	-0.06706824
AFRper30	AFRper30	0.08810086	-0.08632832	-0.04639131	0.135135	-0.06595137	-0.0746745	0.02697428	-0.03232696	-0.09793824	0.08971413	-0.1168106	0.04949439	0.1473314	0.02307094	0.04587902	-0.06886293	0.04231399	-0.08137434	0.1506806	0.05813028
AFRper31	AFRper31	-0.006857544	0.02285716	-0.1239338	-0.1056079	0.1805461	0.0900149	-0.217364	0.02853201	0.0616084	-0.1125674	-0.1019579	-0.0646119	0.2293241	-0.01374618	0.02143774	0.03114977	0.06130578	0.05025114	0.009436493	-0.1234222
AFRper32	AFRper32	0.1575213	-0.03600036	0.08615243	-0.04445009	-0.05052678	0.09251334	-0.05617143	-0.08670862	-0.0200145	0.1504786	-0.1260811	0.03154246	0.02975313	-0.0154677	0.04508516	0.0876867	0.0380137	0.05274414	-0.05664295	0.09935069
AFRper33	AFRper33	-0.04363184	0.03531504	0.05850741	0.0008045358	-0.09985087	0.04771227	-0.06126784	-0.1007329	0.07890561	0.06027423	-0.02855483	-0.02789501	0.01341254	-0.04373482	0.05735095	-0.05014059	-0.01981874	-0.03634432	-0.05414273	-0.009310658
AFRper34	AFRper34	0.005314531	0.050335	-0.03692898	0.03493913	0.1237818	-0.03122015	0.0604765	-0.1341169	-0.130525	-0.02245236	0.02762562	-0.0734854	0.04665823	0.0600831	0.01104666	-0.04778377	0.1674416	0.1064379	-0.1134174	-0.02440099
AFRper35	AFRper35	-0.2203698	0.0005307727	0.1363309	-0.01568596	0.1196291	-0.04471102	-0.02754675	-0.04683879	-0.02036951	-0.1249731	-0.03259924	0.01651114	-0.08970843	-0.09333092	-0.1339894	0.138338	0.134312	-0.04451622	0.02342524	-0.1088134
AFRper36	AFRper36	0.103394	-0.1040667	0.03523907	-0.0644732	-0.06577672	0.01226376	0.1007148	-0.06072895	-0.01821659	-0.1970658	-0.02563616	0.04414087	0.04543335	-0.08962288	-0.1417685	-0.06039328	0.06839318	0.07024492	-0.07291737	0.02939897
AFRper37	AFRper37	-0.1130111	0.02006602	0.06520228	-0.08253835	-0.01409053	-0.03798356	-0.1674433	0.07570218	0.03929181	-0.05916111	0.08657943	-0.005592391	0.01338179	0.1002959	0.08038007	-0.08041951	0.1241672	-0.008907729	0.01851006	0.01223091
AFRper38	AFRper38	0.1261659	0.09610075	0.04031314	-0.04934597	0.0586481	-0.02550959	-0.09925102	-0.07379079	-0.06365693	-0.08847133	0.006172338	-0.1006948	0.03768446	0.01950666	0.07795953	-0.005650134	-0.06701562	0.03819285	0.08631289	0.01126966
AFRper39	AFRper39	0.0441326	0.04914993	0.01160203	0.1320329	0.0249659	0.03949293	0.003242495	0.02299284	-0.07567271	-0.03712481	-0.02008253	-0.06417683	0.08351967	-0.02092162	-0.0373876	-0.06665141	-0.1105524	0.03130481	-0.03652816	-0.08386547
AFRper40	AFRper40	-0.05071102	-0.05549777	-0.0129112	-0.07905596	-0.03842608	0.1741804	-0.04249545	-0.02408855	-0.05864693	-0.07745489	0.01603782	0.04410265	-0.0457878	0.1339884	0.04768033	-0.01087834	-0.04502027	0.1408492	0.04331193	0.1409566
AFRper41	AFRper41	0.08548895	-0.02315438	0.01489803	0.03386455	-0.04307864	-0.09281836	-0.0207609	-0.1206461	-0.02818632	-0.05367141	0.04081145	-0.08701427	-0.208456	0.03863924	0.02463233	0.1325859	-0.1387455	0.07413001	-0.0768991	-0.1140066
AFRper42	AFRper42	0.1529017	-0.1126618	-0.02676946	0.03770555	0.0106427	0.08413949	0.01635895	-0.1430185	0.04652035	-0.03341941	-0.01487747	0.1114167	-0.1142587	-0.09521001	-0.07419013	0.09443406	0.02505805	0.04431797	0.07893002	0.1203208
AFRper43	AFRper43	0.01857345	-0.08731226	-0.04417501	-0.1015689	-0.1519621	0.04285094	-0.02843968	-0.0558532	-0.06796451	-0.009272716	0.05690545	-0.06484915	-0.2527196	0.02425102	-0.07310155	-0.06802385	0.01959194	0.06291854	-0.0002264554	-0.01921306
AFRper44	AFRper44	-0.09448879	0.1849503	-0.09234223	0.05667934	0.07696176	0.01500336	-0.04702548	-0.06175216	0.01249204	0.0534469	0.0972637	0.1122568	-0.05917366	0.06578041	0.001607088	-0.09254453	0.03986505	0.1047248	-0.08033559	0.04495045
AFRper45	AFRper45	0.06160401	0.07399626	-0.03712723	-0.04648586	0.05029466	-0.05341885	-0.1754509	0.04749553	-0.02169163	0.03318301	0.1083055	-0.0256621	0.07793383	-0.134299	0.1945899	-0.04499815	-0.006383389	0.1661353	0.07358739	-0.06749078
AFRper46	AFRper46	-0.0565463	-0.1460528	-0.04425338	-0.2111253	0.03084335	-0.02095907	-0.04281058	0.01742557	-0.08952183	0.1578701	-0.05034775	-0.0686911	0.1723033	0.006352874	-0.2257687	0.1453105	-0.03079511	0.09246331	-0.03079346	0.008018495
AFRper47	AFRper47	0.063497	0.09017043	0.02105521	0.1275568	-0.07515428	-0.01078699	-0.1556345	0.1234736	0.02620483	-0.1014207	-0.03061772	-0.02446113	0.04349387	0.1781003	-0.07464386	0.04798572	0.1010651	-0.1336727	0.07548909	-0.1265662
AFRper48	AFRper48	0.09755844	0.0007983436	0.002302014	0.01006328	0.05065568	0.1459059	0.08693679	0.008991865	0.09693971	-0.0208198	-0.03290899	-0.1097153	0.06575769	-0.004834832	-0.1186546	0.03345766	0.01638152	-0.1806876	0.04131276	-0.04270149
AFRper49	AFRper49	-0.01241695	0.09552718	-0.03128271	-0.0639941	0.05510597	0.01933529	0.01358753	-0.1145355	0.2027806	0.02223902	0.0262418	0.002514911	-0.04810693	0.06650795	0.01251898	-0.08823478	0.06604111	-0.09195094	-0.04722018	0.009634301
EASper0	EASper0	-0.08980215	-0.120172	0.01984318	0.02006314	-0.006290849	-0.06760668	0.2525466	-0.0870298	0.04021504	0.04610022	-0.0992548	-0.07065071	0.03500987	0.193552	-0.1719614	0.1067094	0.08106356	-0.01240005	0.07204032	0.174925
EASper1	EASper1	-0.08706455	-0.04496775	0.09947092	-0.07394627	-0.01584126	0.1281579	-0.03260231	-0.08020974	-0.1024442	-0.01777112	-0.1269411	0.006597059	-0.1617038	0.1074404	-0.01536399	0.0237338	-0.02312927	0.08823273	-0.007577264	0.009111766
EASper2	EASper2	0.09577729	-0.1837929	0.02956391	0.001886893	-0.01961487	0.1110946	0.01346641	0.1636614	-0.04841331	0.02575818	0.2578314	0.006647247	0.02222551	-0.001441079	0.1115269	-0.08362714	-0.03353014	-0.065069	-0.1505676	-0.03585135
EASper3	EASper3	0.07831156	0.1413548	0.01874752	-0.03281762	-0.2199621	-0.02231421	0.01195208	0.06350259	0.03890437	-0.04858401	-0.151645	0.06402279	0.006108698	-0.08543132	-0.02164567	-0.03495833	-0.03868795	-0.1067915	-0.007231396	0.00962582
EASper4	EASper4	0.009189387	0.06452508	0.05980623	0.1095866	0.05871984	0.02825737	-0.08174679	0.004867797	0.07716831	0.02186172	-0.02791026	-0.1104456	0.05237494	0.06172726	0.04625236	0.08448575	-0.05363745	0.09985951	-0.01907324	-0.05736448
EASper5	EASper5	0.09200123	0.09549892	0.05042536	0.2469782	-0.01821008	0.04022175	-0.0235925	-0.03031066	0.1587843	-0.1167009	0.05496739	-0.1416476	-0.03657748	0.04079339	0.0722037	-0.06351985	-0.06757943	0.02269612	-0.08640737	0.07198724
EASper6	EASper6	0.02008592	-0.126745	-0.03852179	0.09259031	-0.1450917	0.03434339	-0.04642165	0.07175774	-0.03785706	0.1012479	-0.04784473	-0.1028756	0.01777442	-0.02773975	0.04740736	-0.1172962	0.1101543	-0.04314573	0.03985134	0.01220888
EASper7	EASper7	-0.1238361	-0.1163744	0.06089079	-0.05166754	-0.03164611	0.1046191	0.05770258	0.07086252	-0.07286144	0.07372026	-0.1001397	-0.04294384	0.06711314	-0.07503708	0.0759424	0.06014054	0.05452029	0.04955939	-0.06063546	-0.1195109
EASper8	EASper8	0.06373099	-0.1122462	0.1789181	0.01802359	0.05065465	-0.002626651	0.05398938	0.13767	-0.01694533	0.1087487	0.008993298	0.1074004	-0.02022906	0.1552003	0.05019056	0.02301709	-0.07894547	0.1107888	0.06963409	0.1241817
EASper9	EASper9	-0.2125906	0.06737271	-0.01693404	-0.02513196	0.1273011	-0.07469262	0.02213606	-0.06955991	-0.04460226	0.1935676	-0.0678264	0.0432122	-0.1408567	-0.08321556	0.04721143	-0.04917428	0.0444966	0.02699191	-0.001483636	0.06167029
EASper10	EASper10	0.06420418	0.09176213	0.1521395	-0.04167501	-0.01542963	0.01544848	-0.07016812	-0.08421862	0.04361085	0.1244443	0.1184355	-0.05106758	-0.09027057	0.06422784	-0.1451411	0.06754102	-0.04186208	-0.000430376	-0.03649513	-0.03976938
EASper11	EASper11	-0.0681496	0.08606238	-0.1477916	-0.09020262	-0.1490947	-0.06321295	-0.1320645	-0.03718704	-0.08944929	0.03946062	-0.07371217	0.03596904	-0.04307264	0.04765318	0.04283749	0.05938565	-0.01832681	0.01241013	0.09984715	-0.1156231
EASper12	EASper12	0.06490186	-0.009812944	0.04426201	0.1157389	0.01819327	-0.1099952	-0.06515692	-0.1980152	0.1088999	0.02906965	-0.1097792	-0.07802398	-0.01110975	-0.1784726	-0.1438343	-0.1190664	-0.05221289	0.06308604	0.07367506	-0.0001418207
EASper13	EASper13	-0.08580486	0.04944454	0.04483889	0.1930324	0.03584609	0.1508745	-0.005556002	0.07120403	-0.2299815	0.01166046	0.0009101224	0.0217229	0.06832637	0.1312552	0.001265114	-0.05734612	-0.01246335	-0.04547377	-0.0261358	-0.1769901
EASper14	EASper14	-0.02724277	-0.1162143	0.02020224	-0.002659589	-0.04846497	0.06354183	-0.06280544	-0.0494958	0.01651487	0.05737777	0.0146207	0.144259	0.01202387	-0.04132741	0.09948967	-0.1219058	0.08966491	-0.05392317	0.01864604	0.06809321
EASper15	EASper15	0.07696782	0.1280577	0.06739172	-0.03998723	0.1670095	0.07369788	0.05537924	-0.1244521	-0.1310435	0.1481362	-0.113534	-0.004293089	0.06605479	-0.00251026	0.09538893	0.07569923	0.0277962	-0.2177203	-0.08702735	0.01181173
EASper16	EASper16	-0.1327507	0.1077843	0.1280789	0.009183883	0.07101829	0.07452088	-0.04048334	-0.05230088	0.1714296	0.0641499	0.03367491	0.02140884	0.09079525	-0.083562	0.02496148	0.142861	-0.1632183	0.1052316	0.1386802	0.06692336
EASper17	EASper17	-0.09002798	0.05067263	0.1726637	0.03018152	-0.117316	0.1301691	-0.05542089	0.03068344	-0.1355629	0.02169355	-0.01829226	0.09493077	0.09582887	-0.05047891	0.04963651	0.02077091	0.04736125	-0.05212579	-0.07198273	0.06218259
EASper18	EASper18	-0.06322997	-0.1455526	0.01605432	0.0354574	0.008707161	-0.04073399	-0.0009494958	0.03074538	0.05431341	-0.09605553	-0.04282336	0.08172931	-0.09834436	0.05536007	0.1196089	0.07068302	-0.07071784	-0.02149004	-0.02938622	-0.09272839
EASper19	EASper19	-0.025234	0.07974882	-0.1709703	-0.1624574	0.03555643	-0.116604	-0.01703522	-0.05507783	0.006742311	0.07584462	-0.007926754	0.08365469	-0.09893969	0.08565532	-0.006392966	-0.00826243	0.08978232	-0.07346698	0.03513884	0.04827422
EASper20	EASper20	0.03840176	0.1018757	0.01552095	-0.1222388	-0.09726778	0.05962172	0.1057175	0.04032187	0.02768096	-0.07096331	0.126104	-0.07042958	0.04859256	-0.09512199	-0.07980356	-0.1187608	-0.07144631	0.04834103	0.05435323	-0.03936868
EASper21	EASper21	-0.02140936	0.00426892	0.01686167	0.07073768	-0.03873642	-0.2065628	0.0137849	-0.05778227	-0.08321303	-0.04934506	0.1609453	-0.1631158	0.05041636	0.008240469	0.08677477	0.01567932	0.04864549	-0.07843007	-0.06128941	0.003395444
EASper22	EASper22	-0.07814567	-0.08831745	0.01094427	-0.01777196	-0.02761174	0.003982408	9.289579e-05	0.007934807	-0.01250473	0.03841097	-0.0639498	-0.08631088	-0.05297476	-0.2173521	0.0579134	-0.03024027	-0.05535965	0.05199035	0.01728287	-0.006958141
EASper23	EASper23	0.08362369	-0.1214289	0.01173096	-0.04291674	0.002538819	0.01529353	0.08575497	0.06674924	0.07380358	-0.05900634	-0.1273596	0.09305835	0.03003122	0.0620435	0.05732419	0.05489135	-0.08632875	-0.1551593	0.06099019	0.0912854
EASper24	EASper24	0.1044714	0.04234967	-0.09642941	-0.07877564	0.01417561	0.07468643	-0.00423907	0.04196309	-0.1196277	-0.161957	0.01607018	0.04069396	0.0347775	0.06232652	-0.02157163	0.04113411	-0.02719918	0.1717146	-0.05770832	-0.05932428
EASper25	EASper25	-0.1089865	0.02315428	-0.05764831	0.01863688	-0.05971999	-0.005017501	0.001327354	0.1444679	0.02270022	-0.02268572	0.02710451	0.09560668	0.02191204	-0.02947063	-0.0152546	0.056305	0.2102861	0.1009204	0.04502877	-0.0661147
EASper26	EASper26	0.0319606	0.01390169	0.02295847	-0.02456396	-0.01924206	-0.137898	-0.1543952	0.04996262	-0.07879923	-0.04681297	-0.00620057	0.08358475	0.04294597	-0.150716	0.04585076	0.1134685	-0.02627641	0.08781518	-0.08191867	-0.04997217
EASper27	EASper27	-0.03333149	0.004222827	-0.06381511	0.09049793	-0.03770399	-0.05150767	0.0132467	-0.05601466	-0.03054826	-0.07589623	0.1239617	0.01701	0.015452	-0.1102367	0.04520243	0.05284737	0.03862423	0.1211724	-0.0446175	0.09859409
EASper28	EASper28	-0.0679264	-0.09015874	0.04893749	-0.1289471	0.05813794	-0.07226864	-0.01446215	-0.03963739	0.1261804	-0.1748753	0.02960207	-0.1869942	-0.06786337	0.05562867	-0.07712989	-0.1125424	0.07452949	-0.01910157	-0.1538929	0.1090436
EASper29	EASper29	-0.03628677	0.1692011	-0.08292187	-0.02751691	0.08256672	-0.1317838	-0.09175413	0.07079768	-0.04276608	0.08953161	0.1204849	-0.04968205	-0.02505671	0.01024848	0.0001140218	0.1009314	-0.03030654	0.186335	0.08486315	0.06360911
EASper30	EASper30	-0.1399099	-0.03668147	0.07743424	0.08860435	0.1869187	0.0136757	-0.09679736	-0.002088555	-0.185673	0.05772701	-0.07137449	0.1120792	0.06821002	0.01234525	-0.01279992	-0.08049431	0.04736176	0.02770135	0.1633386	0.1601416
EASper31	EASper31	-0.01244883	-0.1408699	-0.05344988	0.1420384	0.1027019	0.1060912	0.050914	0.0340455	0.09417347	-0.01577855	0.09643659	-0.04732407	0.07617911	-0.1475109	-0.008240746	0.09507013	0.07014227	-0.01743777	0.06195018	-0.1570359
EASper32	EASper32	-0.01375196	-0.02484514	-0.09444232	-0.1299161	-0.06651268	-0.07294252	0.0264642	0.07573563	0.1144399	-0.05536575	-0.007658683	0.04771613	-0.02873301	-0.07649017	-0.04939823	-0.06413644	-0.01268842	0.08491803	0.02627694	-0.1371923
EASper33	EASper33	0.1509086	-0.09665369	-0.03915082	-0.051412	0.105657	0.01864603	0.002857	-0.1136041	0.1648489	-0.008207038	-0.01302782	0.06850734	-0.1159865	0.07314191	0.01847253	0.06807141	0.05206733	-0.09388782	-0.01143705	-0.04220373
EASper34	EASper34	0.04184284	-0.04304789	-0.07183601	0.06525862	0.1011998	0.1695023	-0.01358286	-0.06559663	-0.07037925	0.09050141	0.2343597	-0.07638157	0.1204821	0.02052417	-0.001610208	-0.001930267	-0.1101019	-0.1525003	0.1060424	0.09329139
EASper35	EASper35	0.03101314	0.07266048	-0.003788194	0.02359023	0.07800073	0.06229255	-0.1113743	0.2162072	0.08988649	-0.1058624	-0.003562756	-0.1592643	-0.1537174	-0.00407481	-0.008190004	0.06773101	0.1459166	0.09494591	-0.1135062	0.05518344
EASper36	EASper36	0.001227989	0.06766055	0.1115553	-0.04954355	-0.1264818	0.1312119	0.0337298	-0.04041974	-0.1298476	0.04480685	0.1003726	0.04183169	-0.01676955	0.1162724	-0.01420727	-0.04212772	0.05278987	0.04141577	0.1854406	-0.06500601
EASper37	EASper37	0.1192509	0.06109375	0.0009038826	-0.1177785	0.07926895	0.1138811	0.03108287	-0.003612024	-0.2504966	0.06675223	-0.09410232	-0.08805755	0.1381859	-0.1387439	-0.02640945	0.01940669	-0.1125314	-0.04449558	0.121993	-0.06976719
EASper38	EASper38	-0.03597434	-0.08285412	0.01162909	0.0894035	-0.09005487	0.008242603	-0.1001669	0.007424421	0.06000046	0.04237115	-0.09026804	-0.02439182	-0.04421429	0.05482268	-0.05116318	-0.07837858	-0.1214724	-0.1698143	-0.1040461	-0.1200072
EASper39	EASper39	0.02806892	-0.08826081	-0.09725209	0.07234327	0.0401727	-0.07263265	0.02702372	-0.1360787	0.07351019	-0.08177653	0.0274923	-0.02788897	0.04402896	0.03598525	-0.06586383	0.07693393	0.02107043	0.1482326	0.06892744	0.06537224
EASper40	EASper40	0.07870005	0.01616239	-0.1751484	0.0977506	0.09637304	0.1496716	0.02040642	0.08755815	0.08366429	0.06255033	0.0144481	0.06438067	0.06743327	-0.002546534	-0.06212783	0.03956224	0.06955333	-0.02548754	-0.01602955	0.05677437
EASper41	EASper41	-0.06077522	-0.08147078	0.04537877	-0.1580852	-0.01192582	-0.04397295	-0.02615442	0.04262118	0.0181771	0.06948468	0.01308563	-0.05959238	-0.1536415	-0.1080914	-0.01606984	-0.2616588	0.04835375	0.01510456	0.08210007	0.04414423
EASper42	EASper42	-0.003380539	-0.04088554	-0.06309735	0.04511765	0.07230505	-0.1193676	-0.03540679	-0.06145572	-0.08064832	-0.105805	0.02089496	0.03147206	0.04763301	0.2249712	-0.02599118	-0.02565763	-0.03120546	-0.127344	0.09422719	0.004080489
EASper43	EASper43	0.01417596	-0.06843981	0.06369928	0.07508086	-0.1406623	-0.05138738	0.0700265	-0.01411925	0.04528135	-0.06546468	0.1391373	0.08152017	0.09615681	0.03438935	-0.01986242	-0.01900861	-0.01487425	0.07142245	-0.08746477	0.01177963
EASper44	EASper44	-0.00780857	-0.12773	-0.04122794	-0.2841896	-0.008232905	0.008608214	-0.01687782	0.02627951	0.05890199	-0.1775915	0.06081275	0.2178844	0.04633299	0.007451509	0.09118758	0.05625183	-0.01734178	0.02928577	0.007760309	0.1369194
EASper45	EASper45	0.1112331	0.01573632	-0.09734266	0.004344173	0.07636951	0.04454441	0.1921749	-0.120814	-0.04994535	-0.1911696	-0.1848347	-0.06167398	-0.05432738	0.0599575	0.1396373	0.06242668	-0.1160595	-0.1189728	-0.08193487	0.04373056
EASper46	EASper46	-0.07210732	0.06312685	0.05741961	0.01172121	-0.1082111	0.05238433	0.06527668	-0.01945633	0.06931835	-0.03158312	-0.1560769	0.0590432	-0.003576491	0.02313796	-0.03249079	-0.1400045	0.01049805	0.04757638	-0.07095571	-0.1983409
EASper47	EASper47	0.02879904	0.07341621	-0.1522054	0.1236726	-0.02320647	-0.09314354	-0.02384575	0.1871092	0.0210869	0.1062333	-0.01920644	0.04987354	-0.02624403	0.001465202	-0.1738598	-0.02901379	0.08282295	0.0819888	-0.1666637	-0.01494492
EASper48	EASper48	-0.05195793	0.04638843	0.04169381	-0.1103472	-0.01205795	-0.1869358	0.01866587	-0.01201759	0.05538223	-0.02320705	0.1338417	-0.07838494	-0.01799014	0.06870358	-0.009436524	0.0099863	0.0521893	-0.1465809	0.1149462	-0.01208649
EASper49	EASper49	0.2675293	0.1840176	-0.1893919	-0.04917929	-0.06397157	-0.1094674	0.07493875	-0.009314691	-0.0002219298	0.06023232	-0.03478153	0.07827721	0.1152309	-0.06560152	0.03804761	0.0030581	-0.07626789	-0.1632544	-0.1058015	-0.006847484
EURper0	EURper0	-0.06711745	-0.03047789	0.09331615	-0.04760639	0.1005198	-0.08861806	-0.00475038	0.09613258	-0.05835401	0.01590464	0.07664685	0.1065197	-0.07230493	-0.01575718	0.09882101	0.1272487	0.03095335	-0.1055078	-0.1258975	-0.1630258
EURper1	EURper1	-0.05051105	0.02687459	0.02062823	-0.02189661	-0.06549154	0.1188431	-0.1872732	-0.1068115	0.01105233	0.01062831	0.04310699	0.07227275	0.1088527	0.05256057	-0.0296425	-0.03343	0.0956311	-0.02010784	0.03762022	0.01530779
EURper2	EURper2	0.109198	-0.02702271	-0.1049764	0.01217447	-0.1671008	-0.03151322	0.002998741	-0.03140229	-0.01418842	0.09968695	-0.1258189	-0.05644657	-0.02379821	0.08664793	-0.03162933	-0.007791884	0.07179558	-0.02166998	-0.1054532	0.06125665
EURper3	EURper3	0.1198847	-0.1670108	-0.1236882	0.02730088	-0.0913321	-0.01231993	0.03238723	-0.07339707	0.09488583	0.09314602	-0.03739007	-0.03363593	0.03338464	0.04748333	0.04072925	0.05964392	0.04410343	-0.009205538	-0.01799059	-0.1910246
EURper4	EURper4	0.08173456	-0.09602506	-0.03674991	-0.08518863	0.1113898	0.09776803	-0.1680885	0.005985667	0.1035687	0.1913051	-0.01855358	-0.1452379	-0.006327425	0.03712728	0.09203098	0.05136922	-0.08466542	-0.02082725	-0.0607987	-0.04386668
EURper5	EURper5	-0.1147326	0.1521965	-0.2081932	-0.1358602	0.1015214	-0.08416344	0.04696209	0.06484435	0.05210662	-0.0406454	0.05381515	-0.05041816	0.1203652	0.07648803	-0.04805407	0.01715926	-0.04012898	0.008366884	-0.03765466	-0.008491342
EURper6	EURper6	0.1882838	-0.1034153	0.06199676	0.02954396	0.1807836	-0.01782395	-0.06628145	-0.08144116	0.106137	-0.1306696	0.003132639	-0.08258082	-0.125176	-0.2234592	-0.09086101	-0.04123094	0.1566846	-0.03533677	0.1289753	-0.04845517
EURper7	EURper7	0.1493272	0.03238054	-0.000168288	-0.002890501	0.1087953	-0.07192689	0.08083625	0.06380027	-0.03445596	-0.1190924	-0.05867934	0.01584962	-0.02159913	0.04984821	0.0235175	-0.1563289	-0.07841409	-0.05599239	0.0991384	0.004192476
EURper8	EURper8	-0.07016883	-0.02726963	0.03505749	0.2228498	0.07455421	-0.05455596	0.08614067	0.04780101	0.02815616	0.0516941	0.1591506	0.1295777	-0.1725681	-0.03896763	0.04702907	-0.08498572	-0.05389697	-0.02091449	0.01583109	-0.08111692
EURper9	EURper9	0.08752672	0.07134568	-0.05908699	0.1142231	-0.0236926	0.1283732	0.1008723	-0.06236069	0.08614641	0.01927809	-0.1475259	-0.09440435	-0.04034047	-0.02110162	0.04070665	0.09236117	0.005867282	0.1572287	-0.07451197	0.05653
EURper10	EURper10	0.04874188	0.1744401	-0.06617328	-0.03521733	-0.08046452	0.02299878	0.0622682	-0.07173044	-0.01233093	-0.07126055	-0.04156171	0.007768415	0.08694631	-0.04988205	0.01919217	0.1289346	-0.04163063	0.03074747	0.1521565	-0.04052236
EURper11	EURper11	-0.03623793	-0.1098077	0.1799304	-0.03998408	0.07336573	-0.1970379	0.07103639	0.00870947	0.03043131	0.05857047	-0.09926353	-0.07291115	0.1863372	0.06627583	0.1977964	-0.01205307	0.07402587	-0.07975358	-0.01083926	-0.03890095
EURper12	EURper12	-0.0826315	-0.05077203	0.1794946	-0.04534609	-0.003046682	0.01873541	0.1585012	-0.0784679	-0.04209663	-0.1501438	0.0818461	-0.0378866	-0.05083184	0.04009454	0.08165203	-0.003182664	-0.006678068	-0.08170294	0.0179516	-0.02397461
EURper13	EURper13	0.02200469	0.06502332	-0.02748177	0.2082395	0.07237516	-0.08605017	-0.03669207	-0.02946536	-0.00276966	-0.02805688	0.1453825	-0.01475981	-0.1101421	-0.03044357	0.04843735	-0.0327995	-0.3052235	0.02392188	0.06228298	0.01491967
EURper14	EURper14	-0.1031157	-0.05222314	-0.1438057	0.09399675	0.003697848	0.1627374	-0.1141704	-0.02560028	0.01381657	-0.04872448	0.03979552	-0.02930685	-0.000287037	0.219799	-0.08026134	0.01429165	-0.2107377	0.009429347	0.08078738	-0.05510756
EURper15	EURper15	0.004395097	-0.1373898	-0.1417495	-0.06065717	0.02968528	-0.1021727	-0.1137239	-0.144968	-0.1765964	-0.01022312	0.01240486	-0.1507776	-0.02497291	-0.0149563	0.04771332	0.006115542	0.06623495	-0.01078426	-0.09036532	0.0674927
EURper16	EURper16	0.153351	-0.1730984	-0.04632673	-0.06575268	-0.02500493	-0.02005941	-0.01685789	-0.0316772	0.0152599	0.0403948	0.07459982	0.09764966	-0.006530913	-0.1063738	0.1247605	-0.08514013	-0.0748877	0.08729308	0.08322486	-0.01514804
EURper17	EURper17	0.01148151	-0.01371474	-0.03164973	-0.0003570606	0.033876	0.07344471	0.06260815	0.3563074	-0.1249026	-0.01800706	-0.004655955	-0.02651963	-0.06453356	-0.02176152	-0.05028458	0.08384887	-0.09694339	-0.04980655	0.02495385	0.2535882
EURper18	EURper18	-0.07537373	-0.1109076	0.1875157	0.1047768	-0.06718745	-0.07805393	-0.04916622	-0.0003830203	0.07430608	-0.1338582	-0.2122574	-0.04847648	0.03000675	0.01576515	-0.08462815	0.09515743	-0.09191961	0.01537925	0.1848097	0.103627
EURper19	EURper19	0.005069998	-0.01500645	0.05646436	0.1010645	0.02182241	0.06459087	0.08641987	0.137692	0.08405735	0.03794122	0.0112278	0.03503048	-0.03524735	-0.09307737	0.01054404	-0.03717478	0.06020924	0.1207017	-0.1165657	-0.05144789
EURper20	EURper20	-0.01435939	0.004708411	-0.05548055	0.004355923	-0.0003011653	-0.0003788605	0.05982754	-0.1098914	-0.1554577	0.05422192	0.0770928	-0.06033299	-0.01424728	0.08086669	-0.107118	-0.1933972	0.1161511	0.08948224	-0.07163584	-0.03134482
EURper21	EURper21	0.02019804	-0.04564034	0.03596257	0.08200673	-0.01803824	-0.03298632	0.04356572	0.2105798	-0.1008457	0.0616708	0.02514995	-0.05768804	-0.08257263	0.03255511	0.04080347	0.1711331	0.1741727	-0.05451159	0.1236293	-0.009512869
EURper22	EURper22	0.02041459	0.03804115	0.06103557	0.05485782	-0.193764	-0.156867	-0.1366995	-0.04729388	0.03967833	0.08260059	0.05449711	0.1510773	-0.03296579	-0.03723261	-0.1467658	0.0551474	0.05607496	0.00214204	-0.007373781	0.1165658
EURper23	EURper23	0.03370799	0.0730126	0.02206703	-0.1124235	-0.05542313	0.1368151	-0.11344	-0.1379025	0.0116824	-0.104346	-0.02840095	0.0853019	0.03199589	0.02467708	0.06884837	-0.1537771	0.1275594	-0.02942975	0.02407463	-0.02781929
EURper24	EURper24	-0.1145179	0.0991474	0.001758666	-0.02384374	0.1563143	0.1832224	0.04519795	0.04277587	-0.08316699	-0.01451063	-0.01559283	0.09581537	-0.06614281	-0.1327803	0.04297052	-0.0300717	0.06165243	-0.09994568	0.09793227	-0.0691729
EURper25	EURper25	0.1000209	0.04685243	-0.0215258	-0.03164891	0.1403205	-0.09128363	-0.00172078	0.1425582	-0.01797557	0.01030223	-0.1352687	-0.05429879	-0.1151067	0.03924679	0.1763986	-0.07497156	-0.1253982	0.0693717	0.09683989	0.05965524
EURper26	EURper26	0.04525207	-0.01097943	0.009849909	0.05797953	-0.02021613	0.09866233	-0.04352818	-0.09030846	-0.08164388	-0.1396844	-0.1926442	0.07167453	0.1993401	-4.396656e-07	0.05419911	-0.06694009	-0.08865627	0.1805589	0.01263871	-0.02576181
EURper27	EURper27	0.1336346	0.1470571	0.1468898	0.06067049	-0.09644681	-0.01335889	0.06221893	0.06159293	0.1192728	-0.003172656	-0.00381457	-0.06454558	-0.06792588	0.01140701	-0.04351255	-0.03098782	0.03404015	-0.07792692	0.04740631	0.02553882
EURper28	EURper28	-0.09157222	0.08177763	0.07995246	-0.0673398	-0.07139374	0.1501599	-0.1023109	-0.1225151	0.06720886	-0.02284108	-0.0292124	-0.07186955	0.02753545	-0.1214367	-0.01565795	0.1779602	-0.149935	-0.1664256	0.005732565	0.05862565
EURper29	EURper29	0.02564268	-0.1302966	-0.2936253	0.03650272	0.0451192	-0.1744535	-0.04870227	-0.0116823	0.03991049	-0.01141978	0.04226751	0.03552716	-0.04125572	0.1478463	-0.06291505	-0.07162529	0.04179089	0.1044968	0.06541082	0.04952128
EURper30	EURper30	0.09154968	0.05548167	0.04551398	0.01946509	-0.06835578	-0.000196439	0.06128909	0.03435469	-0.09903804	-0.008823727	0.05074671	0.02324837	0.01370665	-0.03680076	0.04560182	0.01145484	-0.03760326	0.03488072	-0.1020272	-0.01327716
EURper31	EURper31	0.02183169	0.004364181	0.1163459	-0.0009564587	-0.1027422	-0.08311695	0.2004976	-0.1341396	-0.07764363	0.06715214	0.02583725	-0.07697538	0.07046198	0.006858409	-0.1085295	-0.01261688	-0.02409067	0.1053421	-0.1151431	0.05855328
EURper32	EURper32	0.07290478	0.08001359	-0.08568814	-0.02310159	-0.09131932	-0.0550339	0.04942052	0.02153809	0.0206618	0.1552819	-0.1021928	-0.05637845	0.03750388	-0.0170607	-0.02297352	0.1466674	0.03848698	-0.02199538	-0.1060498	0.03026078
EURper33	EURper33	-0.04161107	0.1242453	-0.05722893	0.08204598	0.0889829	-0.03148152	0.05753669	0.01727428	-0.06627079	-0.05930951	-0.03443489	0.07722904	0.006422433	0.05962168	-0.1270273	-0.07023729	0.08239848	-0.08411153	-0.1836198	0.1284681
EURper34	EURper34	-0.2138976	-0.05193421	-0.09986375	0.06653085	0.1019135	0.05721434	0.0200756	0.107979	0.08615017	-0.112211	0.02953511	0.02446107	0.05281674	-0.01013347	-0.03930887	-0.05627394	-0.01621243	0.0002813467	-0.1168397	-0.005154262
EURper35	EURper35	0.1460921	0.06592138	-0.04888759	0.01451127	-0.01656595	0.01652353	0.0382757	-0.007731178	-0.1328218	0.01114919	0.09463627	0.04621065	-0.06857912	-0.06916822	-0.1643698	-0.03887521	-0.008853364	-0.009610879	-0.04248073	-0.05746091
EURper36	EURper36	-0.1403861	0.05891163	0.006780841	0.003279015	-0.01361517	-0.1000765	-0.03963341	-0.0499878	0.005429942	-0.0251302	-0.1566624	0.1528475	0.01113499	0.06172653	-0.1046701	-0.02836409	0.01796595	-0.01559213	0.2096864	-0.03813577
EURper37	EURper37	0.01295801	0.1792048	0.1079019	-0.0953093	-0.05997357	0.07014435	-0.03276412	-0.07234007	0.03407018	-0.06489302	0.2446098	0.06525045	-0.002974461	-0.06598082	-0.120981	0.07030448	0.1243426	-0.128621	0.008964569	0.01849944
EURper38	EURper38	-0.09327748	-0.1517412	0.05132927	0.009756783	0.09586849	0.03814758	-0.08439227	-0.101684	0.1003152	-0.02875219	0.03884487	0.03748728	-0.1440147	-0.124479	-0.1536262	0.2291174	-0.02352928	-0.001111651	0.01783596	-0.09088539
EURper39	EURper39	-0.1272617	-0.0753181	0.04943802	0.05010895	0.06360208	0.09534258	-0.01374715	-0.08207708	-0.08085134	-0.04437079	-0.008099378	-0.04100588	0.07668942	0.1254775	0.007176116	0.1193207	0.1396808	0.1379084	-0.1369634	0.1279418
EURper40	EURper40	0.07818557	0.08811664	-0.1095704	-0.007916804	0.04048137	0.0262639	0.04657422	0.02911137	-0.1202943	0.04946438	0.000160855	0.1275356	0.01771389	0.1930922	-0.0740286	0.1596935	0.00385282	0.08794852	-0.1102687	-0.02874278
EURper41	EURper41	0.01341574	-0.1793542	0.01134592	0.07782064	-0.04635338	0.1186135	-0.06598172	-0.01659269	-0.02143041	0.05548335	0.1662452	-0.09804941	0.08280268	0.01366425	0.03536253	-0.1526021	-0.06309642	0.02819546	-0.006950242	-0.07825411
EURper42	EURper42	-0.1550076	0.02695259	-0.02839831	-0.1072777	-0.2686855	-0.1091058	-0.003748947	0.02626026	0.06160948	0.02279292	-0.06895772	-0.03288648	0.02493147	-0.0394968	-0.06665924	-0.06775303	0.01095938	0.01161569	0.04655588	0.1230039
EURper43	EURper43	-0.03883232	0.01101527	0.09244797	-0.1537313	-0.02371788	-0.03508503	-0.0343322	-0.05521622	0.003675527	0.1231914	0.01791748	0.1527075	-0.04025014	-0.02169596	-0.06309015	-0.1544721	-0.08777808	-0.2257055	-0.07388813	-0.06146815
EURper44	EURper44	0.0132452	0.03069571	0.1429433	-0.03110046	0.05396167	-0.1607913	-0.02310493	-0.04160794	0.03439946	0.001497305	-0.03203985	-0.09423097	0.06389	-0.02470084	0.08286456	0.03378655	-0.01884521	0.03201712	-0.06844703	-0.1388782
EURper45	EURper45	0.17724	0.1904703	0.09197506	-0.1226816	0.001578571	0.06767245	0.06629189	0.06326868	0.1012063	0.04943494	0.01064618	-0.008098989	-0.03735657	-0.03485876	0.02030997	-0.07851974	0.1275734	0.08206516	0.03599776	-0.05768537
EURper46	EURper46	-7.546927e-05	0.02133764	-0.02635029	0.03958571	0.1033477	-0.05313984	0.03303969	0.1251256	-0.007696966	0.09655233	-0.02471756	-0.03790366	-0.1330865	-0.1155761	0.2381985	0.1200234	0.04995227	0.05227431	0.04631031	0.05995847
EURper47	EURper47	-0.11911	0.05058098	-0.05021784	-0.05669353	-0.0488921	0.06800806	-0.02638628	0.05737053	0.09431061	-0.02317337	-0.09755952	-0.04648362	0.05450635	-0.01383212	0.1029156	-0.1383397	0.08474615	-0.007569616	0.09706359	-0.06406881
EURper48	EURper48	-0.05516014	-0.09033619	-0.0205605	-0.1126624	-0.06589913	0.04740196	0.09145551	0.01491108	0.1576074	0.01448323	0.03461093	-0.04589597	0.1503267	-0.1566308	0.1210666	-0.0005375152	-0.04766935	0.03772582	-0.1352228	0.04826185
EURper49	EURper49	-0.1395397	-0.1167316	-0.02710761	-0.07676889	0.06761524	0.08509482	-0.005878977	0.05672876	0.01127751	-0.006193416	-0.1252907	0.1334678	0.047482	0.06204726	-0.1176138	-0.1670542	-0.06448353	-0.05503636	-0.007703487	0.04506971
SASper0	SASper0	-0.03704737	0.02661819	-0.09251154	0.05805904	-0.05391879	-0.006257948	0.09716173	0.1647616	0.05711734	-0.0007382794	0.03557421	0.04492971	-0.07912421	0.0706897	-0.03708676	-0.09844679	0.01170181	-0.07993852	0.0426312	-0.2064088
SASper1	SASper1	-0.1209256	-0.08690471	-0.0363755	-0.01482649	0.0362672	0.1091086	0.05221696	0.05792302	0.05427735	0.01700566	0.03745452	0.04474131	-0.04131544	-0.03437026	-0.04872711	0.1586091	-0.02192173	-0.09820456	-0.1166174	-0.01369945
SASper2	SASper2	0.04208882	-0.1501656	-0.05414314	-0.1086716	0.04534682	0.04137281	0.0786534	0.08849145	0.04177201	-0.09637524	-0.04170359	-0.07940414	-0.04307692	-0.06776606	0.08117773	0.03901818	-0.1460169	-0.05605371	0.07321829	-0.1871419
SASper3	SASper3	0.09061371	0.03074234	-0.04448286	0.04943181	0.1475747	-0.03722254	0.1161453	-0.1228748	-0.0507772	-0.05912169	-0.07543929	0.1195243	-0.1134245	0.04687447	-0.03226799	-0.1893363	-0.03560667	-0.05710024	-0.1097517	0.07979759
SASper4	SASper4	0.04636499	0.08589672	-0.09963349	-0.1588265	0.003626704	-0.0014559	-0.01363961	0.02616407	0.02385225	0.04145412	-0.004981208	-0.02039463	0.04302144	-0.03718068	-0.1150026	0.008359899	0.1348024	-0.05370615	0.09886991	-0.0448022
SASper5	SASper5	-0.1908438	-0.06426941	0.01445347	0.06937145	-0.02927194	0.04146793	0.04984495	-0.005029847	0.02614619	-0.000713853	-0.02884268	-0.0902976	0.06136542	0.02992379	0.08362102	-0.0205868	-0.139937	0.08466825	-0.05507191	-0.04271411
SASper6	SASper6	-0.0584005	0.157723	0.07449229	-0.01878605	0.1715792	-0.05426569	-0.04815266	-0.0005036024	0.0203685	-0.02543125	0.031878	-0.04425794	0.05067261	0.03295276	-0.01798633	-0.03386064	-0.05563405	-0.0006538346	-0.111531	0.1100081
SASper7	SASper7	-0.09512815	0.08175538	-0.01020043	-0.05793138	-0.1154901	0.02764803	-0.08793504	0.104241	0.03202435	-0.06025494	0.06243263	0.05065741	0.0427696	-0.06260378	0.1097027	0.03784321	-0.05755679	-0.1220327	-0.07964755	0.1289458
SASper8	SASper8	-0.01273379	-0.001637086	-0.02475901	-0.2345198	-0.04604486	0.06340479	0.007484318	0.08753895	-0.05354834	0.1768376	-0.09132348	-0.04139752	-0.1279816	0.1723541	-0.05642149	0.007214886	-0.1617169	0.2131165	-0.02210096	-0.09380745
SASper9	SASper9	0.1724012	-0.0221099	0.1360509	0.104517	0.03154613	-0.1141615	-0.004591601	0.04403344	0.01146912	-0.07226078	0.1460413	0.106032	0.02057334	0.01337713	0.004046191	0.05376057	0.05393218	0.09995117	0.007398277	0.03087433
SASper10	SASper10	0.08506759	0.03215076	-0.02412312	-0.005390562	0.1168675	-0.01438666	-0.08606197	-0.005427841	-0.112272	0.0901641	-0.0654403	-0.0455518	-0.1068051	-0.1782201	0.02223344	-0.156977	-0.009882386	0.08896935	-0.04027626	-0.04155687
SASper11	SASper11	0.02758451	-0.0678969	0.01439287	-0.1343538	0.1032234	-0.1984693	-0.09527599	0.001868375	-0.1126658	0.03256276	-0.06234665	0.01075526	0.1234365	-0.03547296	0.06334018	-0.1569538	-0.09496211	-0.007153415	0.007113016	-0.1193007
SASper12	SASper12	0.07770316	-0.06234292	-0.03956216	-0.02444676	-0.09318375	0.08830487	-0.1321432	-0.02139495	-0.03833199	-0.009571468	-0.1163895	-0.04406295	-0.2042385	-0.07391574	0.1914267	-0.07037122	0.02070899	0.01148361	-0.1033196	0.02588163
SASper13	SASper13	-0.01942212	0.1555139	0.02912928	-0.03571768	-0.01493419	0.1600523	0.0309871	-0.01070282	0.01722832	-0.1106022	-0.09548748	0.01183147	-0.03325251	0.002592838	-0.005665703	-0.1257984	-0.02293714	0.01874365	0.0119426	0.005671586
SASper14	SASper14	-0.08850543	-0.004290546	-0.08107827	0.05079039	-0.102957	-0.003046116	0.1277529	0.03648066	0.02822577	-0.0172626	-0.05093765	-0.09942317	-0.002207878	-0.2000999	-0.1426072	0.03956612	0.07854667	-0.02753638	0.1072087	-0.1020105
SASper15	SASper15	0.04107457	-0.01907378	0.1015005	-0.06535071	-0.01848536	0.05237151	0.06752686	0.08319031	-0.3192585	-0.03588995	0.03762262	-0.05096328	0.008158401	-0.06151346	-0.07707113	0.06292813	-0.07330939	-0.06834728	-0.01718527	0.1259605
SASper16	SASper16	0.06113739	0.07486029	-0.1388782	-0.06231537	-0.05320123	0.04569113	0.01228424	0.04662408	0.04026348	0.1354611	0.0983976	0.1338517	-0.03398446	-0.160105	-0.07060977	0.02950205	-0.1555941	0.03557619	0.01621209	0.1587822
SASper17	SASper17	0.0509607	-0.1501367	0.08479028	0.08874513	0.1787496	0.07225195	-0.1214902	-0.01333422	0.09436647	0.1377562	-0.05944443	0.04817703	0.003345382	-0.03578036	-0.06185744	-0.05345089	0.04118547	-0.007266955	0.03895675	0.08891975
SASper18	SASper18	-0.06926166	-0.001068798	-0.01499156	-0.03257566	0.009452382	-0.0238336	-0.04508347	-0.1739014	0.0107507	0.1179143	0.0188905	-0.02610761	-0.04854066	0.1518898	0.08641619	-0.005366722	0.07912929	-0.01949533	0.02942683	-0.1622979
SASper19	SASper19	-0.06147831	0.1104922	-0.02446732	-0.08005511	-0.1205272	0.162128	0.1381257	-0.0398164	0.1239707	0.1005889	-0.01214396	-0.09339618	-0.1260166	0.08497721	-0.07486898	-0.05326839	0.06910214	0.04480831	-0.05610036	0.07675824
SASper20	SASper20	-0.003141579	0.06282113	0.05356571	0.0973345	0.08594029	0.009359487	0.004771545	-0.232076	-0.007562264	0.2132888	0.02485053	0.1485088	-0.203889	0.02624835	0.1892161	0.03281719	0.1240351	-0.07462599	0.002357139	-0.0204385
SASper21	SASper21	0.05318964	-0.08981619	0.01883528	0.1474004	-0.1076672	-0.1030519	-0.0725796	-0.1130079	0.04851665	0.03356441	0.05848288	0.02773293	0.04690183	-0.02492688	-0.04678845	-0.01794592	-0.1762996	0.1181474	-0.1541037	0.05401114
SASper22	SASper22	-0.07590976	-0.07420359	0.01380283	-0.02923382	-0.2120734	0.06230352	-0.1975177	0.01253717	-0.1006778	-0.1305757	0.0449834	-0.0542832	0.08126792	-0.04687554	-0.04999267	0.01520518	-0.03288418	-0.03257387	-0.06850204	0.0464356
SASper23	SASper23	0.1277616	-0.003926935	0.06930338	0.05494079	-0.08376455	-0.1557536	-0.1904287	0.2140594	0.1261473	-0.003646434	-0.2069628	-0.03510528	-0.02122343	0.04920668	0.00338776	-0.02658067	0.04995638	-0.04690917	-0.0008758659	-0.03477964
SASper24	SASper24	-0.1066152	-0.07496941	0.04632541	0.03185638	0.1244064	-0.1215999	-0.09990835	-0.09938895	-0.02575669	-0.0119017	-0.02768029	0.008710866	0.1085652	-0.151665	-0.08043225	0.03100479	-0.01877859	0.006030284	-0.002154877	0.0978714
SASper25	SASper25	-0.04491885	0.1561745	-0.002686663	0.1553037	-0.04089868	-0.03003906	-0.2166118	-0.01331527	0.01880919	-0.07194568	-0.01443812	0.07694139	-0.01336211	-0.001060822	0.06348167	0.1172442	-0.05394007	-0.02851048	0.1201169	0.03742793
SASper26	SASper26	0.05851691	0.04819488	0.08264365	0.05544158	0.02599797	0.0200783	0.007032766	-0.04516349	0.02727206	-0.03033544	-0.006904549	0.02507274	0.1584334	-0.07461743	-0.1374649	-0.04978613	0.04213186	-0.01451923	-0.06111505	-0.02747188
SASper27	SASper27	-0.01476504	0.02096246	-0.0105639	-0.1476179	0.01019664	-0.05455003	-0.04384778	-0.02359368	-0.001005954	-0.1346345	0.03374923	0.1419169	0.05186825	0.04602303	0.04485949	0.05898455	-0.02485295	0.0007540458	-0.05638012	0.04782996
SASper28	SASper28	-0.06277853	0.1870697	-0.1712199	0.1216335	-0.134038	0.07731881	0.03952515	-0.03331639	0.04239006	0.0271727	0.04485157	-0.06475354	0.003036458	-0.05732901	0.09858882	-0.02868315	-0.01553033	0.1514321	0.1778618	0.0207576
SASper29	SASper29	0.2796521	-0.1471469	0.09885919	-0.05061002	-0.04335418	-0.01743985	0.02200059	0.02362783	-2.516325e-05	-0.07908732	-0.0379404	0.04390279	0.02626472	0.09206826	0.007237807	-0.01388847	0.0515441	0.03572826	-0.1091943	0.02397794
SASper30	SASper30	-0.02929756	0.1317638	-0.01777616	0.05154374	-0.04212921	-0.006585991	-0.1329341	0.1265509	-0.001908246	0.08628321	-0.02434837	-0.057182	0.05450132	-0.05922665	-0.1137872	0.01758648	-0.06769526	-0.09090115	-0.1213715	0.05550904
SASper31	SASper31	0.005668766	0.04515947	0.03067409	0.04931499	0.06689645	-0.02016515	0.2023104	-0.03166569	0.008585613	-0.02455929	0.05873454	-0.07330243	0.03455614	-0.01508295	0.03114991	0.05261539	0.02729299	-0.1052358	-0.02522778	-0.05799495
SASper32	SASper32	0.02146229	-0.1666185	-0.1800562	-0.006506196	0.02448882	0.005744343	0.01049621	0.005568536	-0.05696358	-0.05136045	0.07271723	-0.03373486	-0.04267514	-0.0378847	-0.009162496	-0.1229595	0.06109564	-0.02151665	0.1717367	0.1356023
SASper33	SASper33	-0.08387747	0.07091639	0.0366377	0.08237266	0.04003182	-0.1541534	0.1680573	-0.03848583	0.01209418	0.0900537	0.02484848	-0.06651991	0.05154242	0.03728602	-0.08590912	-0.09670597	-0.01981226	0.1076519	0.166805	-0.1655725
SASper34	SASper34	0.08307002	-0.08076118	-0.1614204	-0.001510234	-0.0731941	-0.1122268	-0.1766564	-0.02578971	-0.1195995	-0.2539656	0.09875033	-0.04095519	-0.1040513	-0.04314716	0.02668731	0.1668684	0.1244471	-0.1090182	0.07076954	-0.06608629
SASper35	SASper35	0.1396027	-0.05299605	0.09449987	-0.09538681	0.07068716	0.001407129	-0.02120658	-0.09942284	0.2832182	0.1559056	0.01369917	0.1812265	0.07746263	0.117369	0.04388095	0.02819005	-0.01453547	0.1514972	0.01177168	-0.05867731
SASper36	SASper36	-0.1128129	-0.07084563	-0.04175045	-0.02278634	0.009716626	0.07758348	0.1856914	0.03978635	0.04564919	0.1047961	0.1178844	-0.03649821	0.01274853	0.004958597	-0.03499308	-0.0551127	0.05273735	0.005532862	0.1333533	0.1727565
SASper37	SASper37	0.1200713	-0.1280229	0.04009985	0.08862505	-0.1185762	0.0629817	-0.01661742	-0.01414564	-0.02578778	0.008817542	0.040558	-0.1391693	0.08003664	0.1023449	-0.1148519	-0.0003429472	-0.05545015	-0.07566484	0.1065597	0.02515089
SASper38	SASper38	0.06212494	-0.03368976	0.03641585	0.09192053	-0.01445029	-0.02655525	-0.09446211	0.005603573	0.01099918	0.04738473	0.1180626	0.008004485	0.06489458	0.1570445	-0.1596803	0.01728984	-0.07828099	-0.1148993	0.05090425	-0.04221638
SASper39	SASper39	-0.03469886	0.07000762	0.06689877	0.01561729	-0.02218363	0.1153668	-0.03457973	-0.03288336	-0.03415342	-0.09491648	-0.01677897	-0.07966922	0.01453779	0.0310167	0.00427562	0.04522969	0.07371066	0.08325818	0.03204003	-0.05629436
SASper40	SASper40	-0.1000255	0.1064279	-0.06471892	-0.1241348	0.170988	0.03459013	-0.02188181	0.05895053	0.06637151	-0.06669142	0.01413148	-0.09476485	-0.0932707	0.02496142	-0.02868604	0.01639692	-0.06745168	0.04762683	-0.03735346	0.0228778
SASper41	SASper41	-0.09922297	0.05464079	0.1022897	0.0785896	-0.05486896	-0.03654245	0.1841873	-0.07676665	-0.02591856	-0.006094948	-0.08532352	0.1154977	-0.0257196	0.02484594	0.06325729	0.1218131	0.04022789	0.108913	0.1814895	-0.1218709
SASper42	SASper42	0.1051046	0.02341082	0.003350842	0.05508353	0.08861346	0.1546578	-0.1226865	0.04717197	-0.006125239	-0.05207918	0.06676798	0.2092763	0.02779758	0.01348223	-0.05068506	-0.005433438	0.1207377	-0.02134658	-0.06455509	-0.09520249
SASper43	SASper43	0.01605355	-0.01791433	-0.05849192	-0.02659069	0.06115303	-0.1558519	0.2004798	0.0393289	-0.006347951	-0.1160336	-0.05273579	-0.07222015	0.03797964	-0.1056291	0.02316232	0.006210036	0.1018248	-0.03888411	0.03314331	0.08735156
SASper44	SASper44	-0.07859353	-0.06409003	-0.02637513	0.0274909	0.1174182	-0.0656573	-0.07482101	-0.01453789	0.03002359	0.03506431	-0.1150814	-0.1138802	0.161917	0.08685062	0.005211821	-0.04241157	0.09211832	-0.05640108	-0.1160913	0.02664957
SASper45	SASper45	0.01369476	-0.05840164	-0.1774269	0.08468973	-0.1596245	0.06233796	0.1208622	-0.06595252	0.05127418	-0.06587769	-0.09113063	0.1102696	0.04646339	-0.005579343	0.1522075	0.1088181	0.04840859	-0.02738424	0.03871326	0.06226933
SASper46	SASper46	-0.0671475	-0.07018935	-0.0869786	-0.1636998	0.06583094	-0.04776306	0.1318577	-0.005899914	-0.09328628	-0.05730679	0.05984798	0.07140213	-0.03329909	0.1073279	0.08244217	0.06770987	-0.0008144407	-0.04839061	-0.05795885	-0.1480393
SASper47	SASper47	-0.07161792	0.01307418	0.175386	-0.01107953	-0.08796409	-0.01218623	-0.0003220874	-0.01009009	0.01272544	0.1256795	0.03350887	-0.1836764	0.03926625	-0.00433722	0.03737065	0.1025262	0.05512936	-0.03240405	-0.09518448	-0.06064636
SASper48	SASper48	0.01920531	-0.01328314	-0.002053501	-0.08623469	-0.08784266	-0.07855635	-0.03007049	0.0141773	-0.01019147	0.04507119	0.1480751	-0.0349309	-0.003483416	-0.007781466	0.1569535	0.1456116	0.1734853	0.003878792	0.03344268	0.1503066
SASper49	SASper49	-0.04420378	0.1129368	0.1430723	0.08777579	0.1203452	0.01228667	0.09613197	-0.03097014	-0.1603581	-0.2040425	-0.04469756	-0.1224128	-0.09972311	0.04202072	-0.04138072	-0.08276265	-0.1083564	0.04980671	-0.06996514	0.03658209
