FID,IID,binaryCovariate,continuousCovariate,PC1,PC2,PC3,PC4,PC5,PC6,PC7,PC8,PC9,PC10,envir,phenotype
EASper0,EASper0,0,49,-0.08980215,-0.120172,0.01984318,0.02006314,-0.006290849,-0.06760668,0.2525466,-0.0870298,0.04021504,0.04610022,0,0
EASper1,EASper1,0,20,-0.08706455,-0.04496775,0.09947092,-0.07394627,-0.01584126,0.1281579,-0.03260231,-0.08020974,-0.1024442,-0.01777112,0,1
EASper2,EASper2,1,47,0.09577729,-0.1837929,0.02956391,0.001886893,-0.01961487,0.1110946,0.01346641,0.1636614,-0.04841331,0.02575818,0,1
EASper3,EASper3,0,51,0.07831156,0.1413548,0.01874752,-0.03281762,-0.2199621,-0.02231421,0.01195208,0.06350259,0.03890437,-0.04858401,0,0
EASper4,EASper4,0,58,0.009189387,0.06452508,0.05980623,0.1095866,0.05871984,0.02825737,-0.08174679,0.004867797,0.07716831,0.02186172,1,0
EASper5,EASper5,0,58,0.09200123,0.09549892,0.05042536,0.2469782,-0.01821008,0.04022175,-0.0235925,-0.03031066,0.1587843,-0.1167009,0,0
EASper6,EASper6,1,45,0.02008592,-0.126745,-0.03852179,0.09259031,-0.1450917,0.03434339,-0.04642165,0.07175774,-0.03785706,0.1012479,0,0
EASper7,EASper7,0,39,-0.1238361,-0.1163744,0.06089079,-0.05166754,-0.03164611,0.1046191,0.05770258,0.07086252,-0.07286144,0.07372026,1,1
EASper8,EASper8,1,54,0.06373099,-0.1122462,0.1789181,0.01802359,0.05065465,-0.002626651,0.05398938,0.13767,-0.01694533,0.1087487,1,0
EASper9,EASper9,0,39,-0.2125906,0.06737271,-0.01693404,-0.02513196,0.1273011,-0.07469262,0.02213606,-0.06955991,-0.04460226,0.1935676,0,0
EASper10,EASper10,1,28,0.06420418,0.09176213,0.1521395,-0.04167501,-0.01542963,0.01544848,-0.07016812,-0.08421862,0.04361085,0.1244443,0,1
EASper11,EASper11,0,25,-0.0681496,0.08606238,-0.1477916,-0.09020262,-0.1490947,-0.06321295,-0.1320645,-0.03718704,-0.08944929,0.03946062,0,1
EASper12,EASper12,0,60,0.06490186,-0.009812944,0.04426201,0.1157389,0.01819327,-0.1099952,-0.06515692,-0.1980152,0.1088999,0.02906965,1,1
EASper13,EASper13,0,59,-0.08580486,0.04944454,0.04483889,0.1930324,0.03584609,0.1508745,-0.005556002,0.07120403,-0.2299815,0.01166046,0,1
EASper14,EASper14,0,38,-0.02724277,-0.1162143,0.02020224,-0.002659589,-0.04846497,0.06354183,-0.06280544,-0.0494958,0.01651487,0.05737777,1,0
EASper15,EASper15,1,30,0.07696782,0.1280577,0.06739172,-0.03998723,0.1670095,0.07369788,0.05537924,-0.1244521,-0.1310435,0.1481362,0,1
EASper16,EASper16,0,37,-0.1327507,0.1077843,0.1280789,0.009183883,0.07101829,0.07452088,-0.04048334,-0.05230088,0.1714296,0.0641499,1,0
EASper17,EASper17,0,51,-0.09002798,0.05067263,0.1726637,0.03018152,-0.117316,0.1301691,-0.05542089,0.03068344,-0.1355629,0.02169355,1,1
EASper18,EASper18,0,60,-0.06322997,-0.1455526,0.01605432,0.0354574,0.008707161,-0.04073399,-0.0009494958,0.03074538,0.05431341,-0.09605553,1,1
EASper19,EASper19,1,55,-0.025234,0.07974882,-0.1709703,-0.1624574,0.03555643,-0.116604,-0.01703522,-0.05507783,0.006742311,0.07584462,1,0
EASper20,EASper20,0,55,0.03840176,0.1018757,0.01552095,-0.1222388,-0.09726778,0.05962172,0.1057175,0.04032187,0.02768096,-0.07096331,0,1
EASper21,EASper21,1,31,-0.02140936,0.00426892,0.01686167,0.07073768,-0.03873642,-0.2065628,0.0137849,-0.05778227,-0.08321303,-0.04934506,0,0
EASper22,EASper22,1,47,-0.07814567,-0.08831745,0.01094427,-0.01777196,-0.02761174,0.003982408,9.289579e-05,0.007934807,-0.01250473,0.03841097,0,1
EASper23,EASper23,0,32,0.08362369,-0.1214289,0.01173096,-0.04291674,0.002538819,0.01529353,0.08575497,0.06674924,0.07380358,-0.05900634,0,0
EASper24,EASper24,1,22,0.1044714,0.04234967,-0.09642941,-0.07877564,0.01417561,0.07468643,-0.00423907,0.04196309,-0.1196277,-0.161957,1,0
EASper25,EASper25,0,38,-0.1089865,0.02315428,-0.05764831,0.01863688,-0.05971999,-0.005017501,0.001327354,0.1444679,0.02270022,-0.02268572,1,1
EASper26,EASper26,0,56,0.0319606,0.01390169,0.02295847,-0.02456396,-0.01924206,-0.137898,-0.1543952,0.04996262,-0.07879923,-0.04681297,0,1
EASper27,EASper27,1,39,-0.03333149,0.004222827,-0.06381511,0.09049793,-0.03770399,-0.05150767,0.0132467,-0.05601466,-0.03054826,-0.07589623,0,0
EASper28,EASper28,1,22,-0.0679264,-0.09015874,0.04893749,-0.1289471,0.05813794,-0.07226864,-0.01446215,-0.03963739,0.1261804,-0.1748753,0,1
EASper29,EASper29,1,36,-0.03628677,0.1692011,-0.08292187,-0.02751691,0.08256672,-0.1317838,-0.09175413,0.07079768,-0.04276608,0.08953161,1,1
EASper30,EASper30,0,54,-0.1399099,-0.03668147,0.07743424,0.08860435,0.1869187,0.0136757,-0.09679736,-0.002088555,-0.185673,0.05772701,1,0
EASper31,EASper31,1,53,-0.01244883,-0.1408699,-0.05344988,0.1420384,0.1027019,0.1060912,0.050914,0.0340455,0.09417347,-0.01577855,1,0
EASper32,EASper32,0,30,-0.01375196,-0.02484514,-0.09444232,-0.1299161,-0.06651268,-0.07294252,0.0264642,0.07573563,0.1144399,-0.05536575,1,1
EASper33,EASper33,1,46,0.1509086,-0.09665369,-0.03915082,-0.051412,0.105657,0.01864603,0.002857,-0.1136041,0.1648489,-0.008207038,1,1
EASper34,EASper34,1,37,0.04184284,-0.04304789,-0.07183601,0.06525862,0.1011998,0.1695023,-0.01358286,-0.06559663,-0.07037925,0.09050141,1,1
EASper35,EASper35,0,43,0.03101314,0.07266048,-0.003788194,0.02359023,0.07800073,0.06229255,-0.1113743,0.2162072,0.08988649,-0.1058624,1,1
EASper36,EASper36,0,24,0.001227989,0.06766055,0.1115553,-0.04954355,-0.1264818,0.1312119,0.0337298,-0.04041974,-0.1298476,0.04480685,1,1
EASper37,EASper37,1,25,0.1192509,0.06109375,0.0009038826,-0.1177785,0.07926895,0.1138811,0.03108287,-0.003612024,-0.2504966,0.06675223,0,1
EASper38,EASper38,0,46,-0.03597434,-0.08285412,0.01162909,0.0894035,-0.09005487,0.008242603,-0.1001669,0.007424421,0.06000046,0.04237115,1,0
EASper39,EASper39,0,60,0.02806892,-0.08826081,-0.09725209,0.07234327,0.0401727,-0.07263265,0.02702372,-0.1360787,0.07351019,-0.08177653,1,1
EASper40,EASper40,1,57,0.07870005,0.01616239,-0.1751484,0.0977506,0.09637304,0.1496716,0.02040642,0.08755815,0.08366429,0.06255033,0,0
EASper41,EASper41,0,24,-0.06077522,-0.08147078,0.04537877,-0.1580852,-0.01192582,-0.04397295,-0.02615442,0.04262118,0.0181771,0.06948468,1,1
EASper42,EASper42,0,20,-0.003380539,-0.04088554,-0.06309735,0.04511765,0.07230505,-0.1193676,-0.03540679,-0.06145572,-0.08064832,-0.105805,0,0
EASper43,EASper43,1,44,0.01417596,-0.06843981,0.06369928,0.07508086,-0.1406623,-0.05138738,0.0700265,-0.01411925,0.04528135,-0.06546468,1,1
EASper44,EASper44,0,49,-0.00780857,-0.12773,-0.04122794,-0.2841896,-0.008232905,0.008608214,-0.01687782,0.02627951,0.05890199,-0.1775915,1,1
EASper45,EASper45,0,55,0.1112331,0.01573632,-0.09734266,0.004344173,0.07636951,0.04454441,0.1921749,-0.120814,-0.04994535,-0.1911696,0,1
EASper46,EASper46,1,44,-0.07210732,0.06312685,0.05741961,0.01172121,-0.1082111,0.05238433,0.06527668,-0.01945633,0.06931835,-0.03158312,0,0
EASper47,EASper47,0,37,0.02879904,0.07341621,-0.1522054,0.1236726,-0.02320647,-0.09314354,-0.02384575,0.1871092,0.0210869,0.1062333,1,1
EASper48,EASper48,0,25,-0.05195793,0.04638843,0.04169381,-0.1103472,-0.01205795,-0.1869358,0.01866587,-0.01201759,0.05538223,-0.02320705,0,0
EASper49,EASper49,0,29,0.2675293,0.1840176,-0.1893919,-0.04917929,-0.06397157,-0.1094674,0.07493875,-0.009314691,-0.0002219298,0.06023232,0,1
